artist,group
The Weeknd,Group
The Chainsmokers,Group
DJ Snake,Solo
Clean Bandit,Group
Drake,Solo
Bruno Mars,Solo
Maroon 5,Group
Rae Sremmurd,Group
Shakira,Solo
ZAYN,Solo
James Arthur,Solo
Migos,Group
Major Lazer,Group
Martin Garrix,Solo
Ariana Grande,Solo
Starley,Solo
Justin Timberlake,Solo
Shawn Mendes,Solo
Steve Aoki,Solo
Calvin Harris,Solo
Hailee Steinfeld,Solo
Machine Gun Kelly,Group
Twenty One Pilots,Group
Sia,Solo
CNCO,Group
Shelley FKA DRAM,Solo
Mike Posner,Solo
J Balvin,Solo
Fifth Harmony,Group
Alessia Cara,Solo
Ricky Martin,Solo
The Vamps,Group
Jonas Blue,Group
Charlie Puth,Solo
Aminé,Solo
Sage The Gemini,Solo
John Legend,Solo
Nevada,Group
Alan Walker,Solo
Rihanna,Solo
Zion & Lennox,Group
Zara Larsson,Solo
Alok,Solo
Robin Schulz,Solo
Big Sean,Solo
Justin Bieber,Solo
DNCE,Group
Carlos Vives,Solo
Desiigner,Solo
NEIKED,Group
J. Cole,Solo
Daddy Yankee,Solo
Sebastian Yatra,Solo
21 Savage,Solo
Adele,Solo
Zay Hilfigerrr,Solo
Enrique Iglesias,Solo
Coldplay,Group
gnash,Solo
Lil Wayne,Solo
Martin Jensen,Solo
Rob $tone,Solo
MC G15,Solo
Mike Perry,Solo
Rag'n'Bone Man,Solo
Lukas Graham,Group
Kungs,Solo
Young M.A,Solo
Cashmere Cat,Solo
Noah Cyrus,Solo
Luke Christopher,Solo
Chance the Rapper,Solo
Little Mix,Group
Ozuna,Solo
G-Eazy,Solo
FRENSHIP,Group
Michael Jackson,Solo
IAmChino,Solo
Maluma,Solo
Chino & Nacho,Group
Petit Biscuit,Solo
Cheat Codes,Group
MØ,Solo
Jon Bellion,Solo
Andy Grammer,Solo
Wisin,Solo
Queen,Solo
Young Thug,Solo
Lil Uzi Vert,Solo
Vice,Solo
Ed Sheeran,Solo
Foster The People,Group
Childish Gambino,Solo
Galantis,Group
Pharrell Williams,Solo
Niall Horan,Solo
Flume,Solo
Bebe Rexha,Solo
David Guetta,Solo
Macklemore & Ryan Lewis,Group
Piso 21,Group
Hearts & Colors,Group
The Jackson 5,Group
AJR,Group
Calum Scott,Solo
KYLE,Solo
Nause,Group
Marvin Gaye,Solo
Kiiara,Solo
Future,Solo
Charly Black,Solo
Nicky Jam,Solo
Thalia,Solo
Flo Rida,Solo
Dante Klein,Solo
Mark Ronson,Solo
Gente De Zona,Group
Travis Scott,Solo
San Holo,Solo
Farruko,Solo
State of Sound,Group
Joel Adams,Solo
Anne-Marie,Solo
Marc E. Bassy,Solo
Sean Paul,Solo
Kygo,Solo
Skrillex,Solo
Tove Lo,Solo
James Hersey,Solo
Eminem,Solo
M.I.A.,Solo
James Bay,Solo
Kanye West,Solo
KREAM,Group
Post Malone,Solo
MiC LOWRY,Group
Stevie Wonder,Solo
JAY-Z,Solo
JP Cooper,Solo
DVBBS,Group
Lady Gaga,Solo
Milky Chance,Group
Passenger,Solo
Sam Smith,Solo
Mura Masa,Solo
Selena Gomez,Solo
The Killers,Group
Bryson Tiller,Solo
Hozier,Solo
Isaiah Firebrace,Solo
VÉRITÉ,Solo
Chris Brown,Solo
Snakehips,Group
The xx,Group
Tyga,Solo
London Grammar,Group
Rudimental,Group
Don Omar,Solo
Jax Jones,Solo
A R I Z O N A,Group
Halsey,Solo
Tiësto,Solo
Luis Fonsi,Solo
Olivia Holt,Solo
Stanaj,Solo
Lauv,Solo
La La Land Cast,Group
Ryan Gosling,Solo
Julia Michaels,Solo
PnB Rock,Solo
Gucci Mane,Solo
Oasis,Group
John Mayer,Solo
Ugly God,Solo
Imagine Dragons,Group
Anuel AA,Solo
PARTYNEXTDOOR,Solo
James Blunt,Solo
Cosculluela,Solo
Beyoncé,Solo
Emma Stone,Solo
Justin Hurwitz,Solo
Kodak Black,Solo
Khalid,Solo
Grey,Group
Thomas Gold,Solo
Sam Hunt,Solo
Alesso,Solo
Aaron Carter,Solo
KALEO,Group
Journey,Group
Katy Perry,Solo
Axwell /\ Ingrosso,Solo
Nick Jonas,Solo
Sigrid,Solo
Dua Lipa,Solo
XXXTENTACION,Solo
Burak Yeter,Solo
Sabrina Carpenter,Solo
BTS,Group
Marian Hill,Group
Ellie Goulding,Solo
Joakim Lundell,Solo
Christina Perri,Solo
The Goo Goo Dolls,Group
Bon Iver,Group
DJ Khaled,Solo
Linkin Park,Group
NAV,Solo
Danny Ocean,Solo
Lana Del Rey,Solo
Bag Raiders,Group
Zedd,Solo
Jason Derulo,Solo
Stormzy,Solo
MC Kevinho,Solo
Cali Y El Dandee,Group
Ayo & Teo,Group
MAX,Solo
Alejandro Fernández,Solo
Russ,Solo
Lorde,Solo
Gryffin,Solo
Nicki Minaj,Solo
Stargate,Group
Astrid S,Solo
Pitbull,Solo
Frank Ocean,Solo
Wiktoria,Solo
Robin Bengtsson,Solo
Nano,Solo
Chuck Berry,Solo
Boef,Solo
Kendrick Lamar,Solo
Gorillaz,Solo
Iggy Azalea,Solo
Prince Royce,Solo
Logic,Solo
alt-J,Group
WizKid,Solo
Maggie Lindemann,Solo
Harry Styles,Solo
Joey Bada$$,Solo
Chris Jedi,Solo
blackbear,Solo
French Montana,Solo
Lord Huron,Group
A Boogie Wit da Hoodie,Solo
Lil Yachty,Solo
Paramore,Group
Playboi Carti,Solo
OneRepublic,Group
Fall Out Boy,Group
Phoenix,Group
HAIM,Group
Nacho,Solo
Electric Light Orchestra,Group
Fleetwood Mac,Group
Miley Cyrus,Solo
Felix Jaehn,Solo
Ofenbach,Group
Salvador Sobral,Solo
Sunstroke Project,Group
Blanche,Solo
Soundgarden,Group
Audioslave,Group
Chris Cornell,Solo
Liam Payne,Solo
Camila Cabello,Solo
Muse,Group
Shawn Hook,Solo
J Hus,Solo
Rita Ora,Solo
Martin Solveig,Solo
Lil Kleine,Solo
2 Chainz,Solo
Anitta,Solo
Manuel Turizo,Solo
Taylor Swift,Solo
SZA,Solo
Sigala,Solo
ItaloBrothers,Group
Macklemore,Solo
Mobb Deep,Group
Kamferdrops,Solo
Metro Boomin,Solo
Moon Taxi,Group
"Tyler, The Creator",Solo
Thomas Rhett,Solo
Lynyrd Skynyrd,Group
Kesha,Solo
Jennifer Lopez,Solo
C. Tangana,Solo
LANY,Group
Demi Lovato,Solo
Portugal. The Man,Group
The Script,Group
Vance Joy,Solo
Mc Livinho,Solo
187 Strassenbande,Group
EXO,Group
Cash Cash,Group
Louis Tomlinson,Solo
Romeo Santos,Solo
Yo Gotti,Solo
Becky G,Solo
Maite Perroni,Solo
Charli XCX,Solo
Dimitri Vegas & Like Mike,Group
Cardi B,Solo
Abraham Mateo,Solo
Pabllo Vittar,Solo
6LACK,Solo
KAROL G,Solo
Avicii,Solo
P!nk,Solo
Marshmello,Solo
Wiz Khalifa,Solo
DJ Jonathan,Solo
Bonnie Tyler,Solo
Thirty Seconds To Mars,Group
Foo Fighters,Group
Miguel,Solo
A$AP Mob,Group
Alex Sensation,Solo
Tay-K,Solo
Yandel,Solo
Kelly Clarkson,Solo
U2,Group
Lil Pump,Solo
Natti Natasha,Solo
Joey Montana,Solo
Tove Styrke,Solo
Jesse & Joy,Group
A$AP Ferg,Solo
"Earth, Wind & Fire",Group
R3HAB,Solo
ALMA,Solo
Niska,Solo
Kollegah,Solo
Tom Petty,Solo
Tom Petty and the Heartbreakers,Group
NF,Solo
Kane Brown,Solo
Rich The Kid,Solo
Big Shaq,Solo
Bausa,Solo
Red Hot Chili Peppers,Group
Daya,Solo
De La Ghetto,Solo
Ty Dolla $ign,Solo
Ray Parker Jr.,Solo
Offset,Solo
AC/DC,Group
"Bobby """"Boris"""" Pickett",Solo
Rockwell,Solo
Blue Öyster Cult,Group
The Citizens of Halloween,Group
N.E.R.D,Group
Bad Bunny,Solo
Lil Xan,Solo
Bastille,Group
Famous Dex,Solo
6ix9ine,Solo
Lil Peep,Solo
Diplo,Solo
22 Savage,Solo
YBN Nahmir,Solo
Jason Mraz,Solo
Craig David,Solo
Salmo,Solo
Andy Williams,Solo
Anita Kerr Singers,Solo
MC's Jhowzinho & Kadinho,Group
John Lennon,Solo
José Feliciano,Solo
Jaden,Solo
The Pogues,Group
Booba,Solo
Mykola Dmytrovych Leontovych,Solo
Pentatonix,Group
Trippie Redd,Solo
Britney Spears,Solo
Bing Crosby,Solo
Daryl Hall & John Oates,Group
Meghan Trainor,Solo
Michael Bublé,Solo
MC Fioti,Solo
Bobby Helms,Solo
Wolfine,Solo
Huncho Jack,Group
The Beach Boys,Group
The Ronettes,Group
Idina Menzel,Solo
Boney M.,Group
Leona Lewis,Solo
Melanie Thornton,Solo
Slade,Group
Nat King Cole,Solo
Tony Bennett,Solo
Frank Sinatra,Solo
Dean Martin,Solo
Jona Lewie,Solo
Pretenders,Group
Cliff Richard,Solo
Carpenters,Group
Kay Starr,Solo
Perry Como,Solo
Elvis Presley,Solo
Quality Control,Group
Zac Efron,Solo
Keala Settle,Solo
Juan Magán,Solo
Hugh Jackman,Solo
Outkast,Group
Bee Gees,Group
Shaggy,Solo
The Clash,Group
Eurythmics,Group
Aretha Franklin,Solo
The Beatles,Group
TOTO,Group
Loren Allred,Solo
Ziv Zaifman,Solo
Matt Terry,Solo
Lil Skies,Solo
Michelle Williams,Solo
Austyn Johnson,Solo
Troye Sivan,Solo
Jay Rock,Solo
The Cranberries,Group
Lean Trap,Solo
Sfera Ebbasta,Solo
Ramz,Solo
Carnage,Solo
Jojo Maronttinni,Solo
Bazzi,Solo
Ghali,Solo
Dj Kass,Solo
CHVRCHES,Group
Rich Brian,Solo
Red Velvet,Group
ScHoolboy Q,Solo
BlocBoy JB,Solo
Vince Staples,Solo
SOB X RBE,Group
Jorja Smith,Solo
Ab-Soul,Solo
Zacari,Solo
Mozzy,Solo
MC Loma e As Gêmeas Lacração,Group
Sofía Reyes,Solo
Reik,Group
Tom Walker,Solo
A$AP Rocky,Solo
Glades,Group
5 Seconds of Summer,Group
Janelle Monáe,Solo
Mau y Ricky,Group
Tory Lanez,Solo
j-hope,Solo
Swae Lee,Solo
Years & Years,Group
HRVY,Solo
Dennis Lloyd,Solo
DJ A1,Solo
King Princess,Solo
Lil Dicky,Solo
KHEA,Solo
Panic! At The Disco,Group
George Ezra,Solo
Madison Beer,Solo
Dan + Shay,Group
Hayley Kiyoko,Solo
Zé Neto & Cristiano,Group
Poo Bear,Solo
Bomba Estéreo,Group
NOTD,Group
Florence + The Machine,Group
Nio Garcia,Solo
Jorge & Mateus,Group
MC Kekel,Solo
Leslie Grace,Solo
Billie Eilish,Solo
Capo Plaza,Solo
Seeb,Group
Tim Berg,Solo
Banx & Ranx,Group
Mason Ramsey,Solo
Capital Bra,Solo
Gzuz,Solo
MC MM,Solo
MC WM,Solo
Paulo Londra,Solo
Charlie Charles,Solo
Christina Aguilera,Solo
Jess Glynne,Solo
J-AX,Solo
Alvaro Soler,Solo
Arctic Monkeys,Group
Dark Polo Gang,Group
Juice WRLD,Solo
Netta,Solo
Eleni Foureira,Solo
Mikolas Josef,Solo
Michael Schulte,Solo
Benjamin Ingrosso,Solo
Tee Grizzley,Solo
Lil Baby,Solo
Luis Miguel,Solo
Aldair Playboy,Solo
Loud Luxury,Group
Pusha T,Solo
Matheus & Kauan,Group
Wesley Safadão,Solo
The 1975,Group
Florida Georgia Line,Group
KIDS SEE GHOSTS,Group
Summer Cem,Solo
MC Bruninho,Solo
Louis The Child,Group
Damso,Solo
BLACKPINK,Group
Nas,Solo
Ella Mai,Solo
The Carters,Group
PNL,Group
LUDMILLA,Solo
Alec Benjamin,Solo
YG,Solo
Brytiago,Solo
OMI,Solo
Dynoro,Solo
Bushido,Solo
"Baddiel, Skinner & Lightning Seeds",Group
Meek Mill,Solo
Justin Quiles,Solo
Street Rappers,Group
benny blanco,Solo
Alex Rose,Solo
Rvssian,Solo
El Profesor,Solo
Dean Lewis,Solo
Aitana,Solo
Kris Kross Amsterdam,Solo
DJ Durel,Solo
Don Khuma,Solo
Trío Los Josefinos,Group
Tropijazz,Group
Bonez MC,Solo
Robyn,Solo
Mac Miller,Solo
Smokepurpp,Solo
Quavo,Solo
Sheck Wes,Solo
Armin van Buuren,Solo
Lele Pons,Solo
a-ha,Group
Bring Me The Horizon,Group
Bas,Solo
Bryce Vine,Solo
Why Don't We,Group
Paul Rosenberg,Solo
Lil Mosey,Solo
Social House,Group
Silk City,Group
Frenna,Solo
Flipp Dinero,Solo
Guè Pequeno,Solo
Joji,Solo
Loredana,Solo
Marília Mendonça,Solo
GASHI,Solo
Mumford & Sons,Group
Farid Bang,Solo
BROCKHAMPTON,Group
Avril Lavigne,Solo
Veysel,Solo
Ava Max,Solo
Lauren Daigle,Solo
Anderson .Paak,Solo
Gunna,Solo
Bryant Myers,Solo
Marc Anthony,Solo
Kevin Roldan,Solo
KitschKrieg,Group
RM,Solo
Lauren Jauregui,Solo
Normani,Solo
Takeoff,Solo
Felipe Araújo,Solo
Morat,Group
Luciano,Solo
Marilyn Manson,Solo
DJ Jazzy Jeff & The Fresh Prince,Group
Fedez,Solo
Carly Rae Jepsen,Solo
K/DA,Group
Pedro Capó,Solo
JENNIE,Solo
Orelsan,Solo
Mike WiLL Made-It,Solo
Samra,Solo
Wisin & Yandel,Group
MC L da Vinte,Solo
MERO,Solo
Ski Mask The Slump God,Solo
Brett Eldredge,Solo
Stan Kenton,Solo
H.E.R.,Solo
Peter Manos,Solo
Azet,Solo
Ella Fitzgerald,Solo
Nina Nesbitt,Solo
Jessie J,Solo
Céline Dion,Solo
Mariah Carey,Solo
Johnny Mathis,Solo
Hannah Kerr,Solo
LX,Solo
DENNIS,Solo
Márcia Fellipe,Solo
Humberto & Ronaldo,Group
Whitney Houston,Solo
Gabriel Diniz,Solo
MC Kevin o Chris,Solo
Henrique & Juliano,Group
SHAED,Group
Lewis Capaldi,Solo
Gesaffelstein,Solo
Shindy,Solo
Kehlani,Solo
Coez,Solo
James Blake,Solo
Luche,Solo
Mustard,Solo
Vampire Weekend,Group
Shirin David,Solo
Blueface,Solo
Reynmen,Solo
Dominic Fike,Solo
Mabel,Solo
The Rudeboyz,Group
Ultimo,Solo
Eno,Solo
Mahmood,Solo
Irama,Solo
YNW Melly,Solo
The Police,Group
Alicia Keys,Solo
YUNGBLUD,Solo
KC Rebell,Solo
ChocQuibTown,Group
Cauty,Solo
Amenazzy,Solo
Dermot Kennedy,Solo
Tropkillaz,Group
Ninho,Solo
Calboy,Solo
Summer Walker,Solo
Jonas Brothers,Group
Solange,Solo
Dalex,Solo
Kenny Man,Solo
Aaron Smith,Solo
TOMORROW X TOGETHER,Group
Lil Nas X,Solo
The Black Keys,Group
Lunay,Solo
Don Patricio,Solo
John Lundvik,Solo
Maren Morris,Solo
FLETCHER,Solo
Myke Towers,Solo
Rauw Alejandro,Solo
Ufo361,Solo
Tame Impala,Group
Paloma Mami,Solo
Fero47,Solo
Gaullin,Solo
ROSALÍA,Solo
Rammstein,Group
DJ Luian,Solo
Nipsey Hussle,Solo
Aventura,Group
Dardan,Solo
Sech,Solo
Guaynaa,Solo
MEDUZA,Group
Polo G,Solo
Madonna,Solo
TWICE,Group
Lizzo,Solo
DaBaby,Solo
Kina,Solo
Juju,Solo
Luke Combs,Solo
Slipknot,Group
Kontra K,Solo
Duncan Laurence,Solo
Luca Hänni,Solo
KEiiNO,Group
Jhay Cortez,Solo
Joyner Lucas,Solo
RIN,Solo
NLE Choppa,Solo
Herve Pagez,Solo
Elton John,Solo
Guayna,Solo
Lil Tecca,Solo
Gemitaiz,Solo
Nekfeu,Solo
Naomi Scott,Solo
Dreamville,Group
Kalazh44,Solo
Ali Gatie,Solo
Blanco Brown,Solo
Ashley O,Solo
Y2K,Solo
Mambo Kingz,Group
Sam Feldt,Solo
Daniel Caesar,Solo
João Gustavo e Murilo,Solo
MACHETE,Solo
Jeremy Zucker,Solo
Stephanie Poetri,Solo
Dayvi,Solo
Tones And I,Solo
Blue Ivy,Solo
Norm Ender,Solo
Rick Ross,Solo
Residente,Solo
Cordae,Solo
TOOL,Group
Labrinth,Solo
Megan Thee Stallion,Solo
Camilo,Solo
SiR,Solo
Saweetie,Solo
Duki,Solo
WOS,Solo
Bizarrap,Solo
ILLENIUM,Solo
Tainy,Solo
Apache 207,Solo
Miami Yacine,Solo
Lil Tjay,Solo
RAF Camora,Solo
Dímelo Flow,Solo
Şanışer,Solo
Regard,Solo
Melanie Martinez,Solo
MC JottaPê,Solo
blink-182,Group
Rich Music LTD,Group
Felipe Original,Solo
Noriel,Solo
The Cratez,Group
Sido,Solo
SSIO,Solo
MC Du Black,Solo
José José,Solo
24kGoldn,Solo
Murda,Solo
Gambi,Solo
SuperM,Group
Lazza,Group
YoungBoy Never Broke Again,Solo
TINI,Solo
Black Eyed Peas,Group
Dadá Boladão,Solo
Internet Money,Group
Rex Orange County,Solo
Omar Montes,Solo
Arizona Zervas,Solo
Marracash,Solo
Nimo,Solo
Lexa,Solo
Ant Saunders,Solo
tha Supreme,Solo
Doja Cat,Solo
BRADO,Solo
Riton,Solo
JP Saxe,Solo
True Damage,Group
KSI,Solo
Jhené Aiko,Solo
Trevor Daniel,Solo
Maggie Rogers,Solo
Shiva,Solo
Gradur,Solo
Roddy Ricch,Solo
Don Toliver,Solo
Burna Boy,Solo
SAINt JHN,Solo
PEDRO SAMPAIO,Solo
Vince Guaraldi Trio,Group
JACKBOYS,Group
Conan Gray,Solo
Gusttavo Lima,Solo
Guilherme & Benuto,Group
Los Ángeles Azules,Group
TOKYO’S REVENGE,Solo
Olivia Rodrigo,Solo
Arcangel,Solo
Likybo,Group
Maes,Solo
Thiaguinho MT,Solo
Matthew Wilder,Solo
Surfaces,Group
Hayley Williams,Solo
Joker Bra,Solo
Jack Harlow,Solo
Pop Smoke,Solo
Green Day,Group
Diodato,Solo
Pinguini Tattici Nucleari,Group
London On Da Track,Solo
Powfu,Solo
Ashe,Solo
Ozzy Osbourne,Solo
K CAMP,Solo
MC Ingryd,Solo
Brent Faiyaz,Solo
G Herbo,Solo
BENEE,Solo
Christian Nodal,Solo
PUBLIC,Solo
ITZY,Group
Kaash Paige,Solo
DripReport,Solo
Kenny Rogers,Solo
Dolly Parton,Solo
Topic,Solo
Sub Urban,Solo
Zuna,Solo
Surf Mesa,Solo
AK AUSSERKONTROLLE,Solo
Luísa Sonza,Solo
Bill Withers,Solo
Feid,Solo
Rod Wave,Solo
Vicetone,Group
The Strokes,Group
Leon Bridges,Solo
Kid Cudi,Solo
Sam Fischer,Solo
THE SCOTTS,Group
The Rolling Stones,Group
Banda MS de Sergio Lizárraga,Group
StaySolidRocky,Solo
IU,Solo
Young T & Bugsey,Group
Haftbefehl,Solo
Lil Durk,Solo
Sleepy Hallow,Solo
Natalie Taylor,Solo
S1mba,Solo
Lennon Stella,Solo
Pashanim,Solo
jxdn,Solo
Agust D,Solo
Alexander 23,Solo
KALIM,Solo
Niack,Solo
James Brown,Solo
The Game,Solo
Killer Mike,Solo
2Pac,Solo
Ludacris,Solo
VIC MENSA,Solo
Harry Nach,Solo
Zack De La Rocha,Solo
Tedua,Solo
Bosh,Solo
Jarabe De Palo,Group
Tyla Yaweh,Solo
The Kid LAROI,Solo
Shablo,Solo
Nea,Solo
Conkarah,Solo
Jawsh 685,Solo
Peach Tree Rascals,Group
Wallows,Group
Zoe Wees,Solo
Bilal Wahib,Solo
Curtis Waters,Solo
Jay Wheeler,Solo
Miksu / Macloud,Group
Mc Zaac,Solo
Aya Nakamura,Solo
VIZE,Group
Boomdabash,Group
iann dior,Solo
WILLOW,Solo
Juanfran,Solo
Bozza,Solo
Eagles,Group
Red Velvet - IRENE & SEULGI,Group
Dixie,Solo
Tate McRae,Solo
Joel Corry,Solo
Danna Paola,Solo
El Alfa,Solo
Headie One,Solo
One Direction,Group
SOMI,Solo
Trueno,Solo
BØRNS,Solo
Rocco Hunt,Solo
Jowell & Randy,Group
Jonas Esticado,Solo
Glass Animals,Group
twocolors,Group
Hwa Sa,Solo
Super Yei,Solo
Morgan Wallen,Solo
BANNERS,Solo
The Neighbourhood,Group
Jerry Di,Solo
Kofs,Solo
Kim Loaiza,Solo
Manu Gavassi,Solo
Bea Miller,Solo
Disclosure,Group
Ir Sais,Solo
WhoHeem,Solo
RBD,Group
salem ilese,Solo
Master KG,Solo
Os Barões Da Pisadinha,Group
Mc Jacaré,Solo
Money Man,Solo
Vedo,Solo
Matuê,Solo
Mr Eazi,Solo
Freeze corleone,Solo
Alonestar,Solo
Ritt Momney,Solo
Stray Kids,Group
Ashnikko,Solo
Keith Urban,Solo
Gentleman,Solo
MC Rogerinho,Solo
Dilsinho,Solo
Clairo,Solo
BLOODY VINYL,Group
Van Halen,Group
13 Organisé,Group
Ezhel,Solo
Usher,Solo
Fousheé,Group
Nelly Furtado,Solo
CORPSE,Solo
HVME,Solo
Octavian,Solo
CJ,Solo
DDG,Solo
Pink Sweat$,Solo
Busta Rhymes,Solo
Douglas & Vinicius,Group
grandson,Solo
System Of A Down,Group
King Von,Solo
Sean Kingston,Solo
Migrantes,Group
Ricky Montgomery,Solo
347aidan,Solo
Porky Slim,Solo
Boza,Solo
Trio Vegabajeño,Group
Studio Killers,Group
Marvin Divine,Solo
Petter Ferraz,Group
Wilbur Soot,Solo
Andrew Andraos,Solo
Ella Henderson,Solo
Louis Armstrong,Solo
Tarcísio do Acordeon,Solo
Mother Mother,Group
Nirvana,Group
ABBA,Group
Purple Disco Machine,Solo
Tierry,Solo
Zé Vaqueiro,Solo
Zé Felipe,Solo
DJ Lucas Beat,Solo
Eric Land,Solo
Milly,Solo
Sara Kays,Solo
Masked Wolf,Solo
Joshua Bassett,Solo
KASIMIR1441,Solo
Erica Banks,Solo
carolesdaughter,Solo
Kawe,Solo
Diego & Victor Hugo,Group
DJ Ivis,Solo
ATB,Solo
Hugo & Guilherme,Group
Nathan Evans,Solo
Giveon,Solo
Rochy RD,Solo
Jamule,Solo
Jeff Costa,Solo
Los Legendarios,Group
Kali Uchis,Solo
Gotye,Solo
Raí Saia Rodada,Group
Clinton Kane,Solo
ElyOtto,Solo
Daft Punk,Group
Pooh Shiesty,Solo
Bobby Shmurda,Solo
DUSTY LOCANE,Solo
Hippie Sabotage,Group
Francesca Michielin,Solo
Gym Class Heroes,Group
Rusherking,Solo
Cro,Solo
Israel & Rodolffo,Group
Måneskin,Group
Madame,Solo
Colapesce,Solo
ROSÉ,Solo
WATTS,Solo
Pamungkas,Solo
SCH,Solo
AURORA,Solo
Malu,Solo
Beach Bunny,Group
MARINA,Solo
Tom Odell,Solo
DMX,Solo
SANTOS,Solo
Russ Millions,Solo
Mimi Webb,Solo
Young Stoner Life,Group
Yung Kayo,Solo
Lil Duke,Solo
YTB Trench,Solo
Dj Guuga,Solo
Xand Avião,Solo
Majestic,Group
Mc Poze do Rodo,Solo
Gera MX,Solo
UZI,Solo
ENHYPEN,Group
Surf Curse,Group
Kevin Gates,Solo
Baby Keem,Solo
Afrojack,Solo
Tom Grennan,Solo
Fernando & Sorocaba,Group
Th CDM,Solo
Tion Wayne,Solo
Mora,Solo
StarBoi3,Solo
Mc Davi,Solo
Crissin,Solo
Lovejoy,Group
NCT DREAM,Group
Bella Poarch,Solo
sangiovanni,Solo
aespa,Group
Dream,Solo
Barbara Pravi,Solo
Blind Channel,Group
Go_A,Group
Gjon's Tears,Solo
Daði Freyr,Solo
Elena Tsagrinou,Solo
Destiny,Solo
THE ROOP,Group
Tusse,Solo
Efendi,Solo
Cochise,Solo
Matheus Fernandes,Solo
Justin Wellington,Solo
Matt Maltese,Solo
Soso Maness,Solo
Trinidad Cardona,Solo
Bo Burnham,Solo
Vegedream,Solo
BLANCO,Solo
Becky Hill,Solo
MC Zaquin,Solo
Mata,Solo
MYA,Solo
BANDIDO,Group
Mari Fernandez,Solo
Chase Atlantic,Group
João Gomes,Solo
Sarah Cothran,Solo
Marc Seguí,Solo
Big Red Machine,Group
dvsn,Group
Shouse,Group
Zac Brown Band,Group
Bruce Springsteen,Solo
Creedence Clearwater Revival,Group
Jamie Miller,Solo
dhruv,Solo
Dave,Solo
BIA,Solo
Tiago PZK,Solo
mc jhenny,Solo
Neil Diamond,Solo
The White Stripes,Group
Fat Les,Group
Emilia,Solo
Belly,Solo
Ingratax,Solo
Smiley,Solo
Brisa Star,Solo
Walker Hayes,Solo
Blxst,Solo
PinkPantheress,Solo
Isaiah Rashad,Solo
Montez,Solo
Ruth B.,Solo
Nessa Barrett,Solo
Steve Lacy,Solo
Sefo,Solo
Tai Verdes,Solo
Costa Gold,Group
Maria Becerra,Solo
Tanishk Bagchi,Solo
Jasleen Royal,Solo
A-Wall,Solo
bbno$,Solo
John Amplificado,Solo
Lost Frequencies,Solo
Kacey Musgraves,Solo
zzoilo,Solo
Coolio,Solo
THE ANXIETY,Group
Oliver Tree,Solo
Juliette,Solo
Eslabon Armado,Group
Calibre 50,Group
LISA,Solo
Chlöe,Solo
Central Cee,Solo
Mc Anjim,Solo
CKay,Solo
$uicideboy$,Group
Jc La Nevula,Solo
Grupo Firme,Group
LeeHi,Solo
Skylar Grey,Solo
Tokischa,Solo
girl in red,Solo
Doode,Solo
Gabry Ponte,Solo
MKTO,Group
My Chemical Romance,Group
Mitski,Solo
Avine Vinny,Solo
Ivan Cornejo,Solo
Jesy Nelson,Solo
DJ Patrick Muniz,Solo
Nardo Wick,Solo
RealestK,Solo
The Walters,Group
Jaymes Young,Solo
George Michael,Solo
Stromae,Solo
Felipe Amorim,Group
BoyWithUke,Solo
siouxxie sixxsta,Solo
Swedish House Mafia,Group
SEVENTEEN,Group
Monsieur Periné,Group
Benson Boone,Solo
cakal,Solo
Nicki Nicole,Solo
Disney Characters,Group
ACRAZE,Solo
Andrew Gold,Solo
Backstreet Boys,Group
Little Nell,Solo
Amaarae,Solo
Paulo Pires,Solo
MC Levin,Solo
Randy,Group
JIN,Solo
Fuego,Solo
Bruno Major,Solo
GAYLE,Solo
The Rare Occasions,Group
Trei Degete,Group
Blessd,Solo
George Henrique & Rodrigo,Group
Emmy Meli,Solo
XoMusic,Group
Angèle,Solo
IVE,Group
Vundabar,Group
Elley Duhé,Solo
Grupo F1rmo,Solo
SALES,Group
Vicente Fernández,Solo
FKA twigs,Solo
Aaliyah,Solo
Darlene Love,Solo
Fireboy DML,Solo
Carolina Gaitán - La Gaita,Solo
Xamã,Solo
Jessica Darrow,Solo
GoldSkull,Solo
DJ Matt D,Solo
Spice Girls,Group
Tayrone,Solo
Edison Lighthouse,Group
Beach House,Group
Jnr Choi,Solo
Stephanie Beatriz,Solo
Diane Guerrero,Solo
Lauren Spencer-Smith,Solo
NIKI,Solo
Sick Luke,Solo
David Kushner,Solo
SiM,Group
AP Dhillon,Solo
Luude,Solo
The Lumineers,Group
Kep1er,Group
Alvaro Diaz,Solo
Chefin,Solo
Meat Loaf,Solo
Muni Long,Solo
Devi Sri Prasad,Solo
Yung Lean,Solo
La Pantera,Solo
Ryan Castro,Solo
Em Beihold,Solo
Rkomi,Solo
La rappresentante di lista,Group
Elisa,Solo
$NOT,Solo
Dargen D'Amico,Solo
Malik Montana,Solo
Dr. Dre,Solo
Jung Kook,Solo
Fivio Foreign,Solo
Dove Cameron,Solo
50 Cent,Solo
Anirudh Ravichander,Solo
Tarkan,Solo
Cris Mj,Solo
Mc Don Juan,Solo
MC Teteu,Solo
TREASURE,Group
Eden Muñoz,Solo
Omah Lay,Solo
shadowraze,Solo
JVKE,Solo
Tulus,Solo
NMIXX,Group
Yeat,Solo
Gloria Groove,Solo
Cornelia Jakobs,Solo
AnnenMayKantereit,Group
(G)I-DLE,Group
Alejo,Solo
Davi Kneip,Solo
4*TOWN (From Disney and Pixar’s Turning Red),Group
